,Hero,Role,Pick_rate,Win_rate,Tie_Rate,On_fire,Platform,Rank,Date
0,Reinhardt,TANK,12.11%,52.06%,2.61%,7.15%,PC,All,2020-05-23 19:40:44.720673
1,Ana,SUPPORT,10.83%,49.93%,2.38%,9.86%,PC,All,2020-05-23 19:40:44.720673
2,Moira,SUPPORT,8.40%,50.12%,2.41%,10.70%,PC,All,2020-05-23 19:40:44.720673
3,Zarya,TANK,7.52%,52.76%,2.48%,12.32%,PC,All,2020-05-23 19:40:44.720673
4,Mercy,SUPPORT,6.44%,51.33%,2.40%,2.43%,PC,All,2020-05-23 19:40:44.720673
5,McCree,OFFENSE,4.75%,47.40%,1.77%,8.53%,PC,All,2020-05-23 19:40:44.720673
6,Lúcio,SUPPORT,4.40%,51.58%,2.06%,11.92%,PC,All,2020-05-23 19:40:44.720673
7,Ashe,OFFENSE,3.75%,53.56%,2.22%,9.79%,PC,All,2020-05-23 19:40:44.720673
8,Roadhog,TANK,3.39%,49.75%,1.80%,9.29%,PC,All,2020-05-23 19:40:44.720673
9,Sigma,TANK,3.05%,50.85%,2.22%,12.98%,PC,All,2020-05-23 19:40:44.720673
10,Genji,OFFENSE,2.92%,50.45%,2.15%,11.90%,PC,All,2020-05-23 19:40:44.720673
11,Soldier: 76,OFFENSE,2.41%,49.67%,1.87%,9.74%,PC,All,2020-05-23 19:40:44.720673
12,Junkrat,DEFENSE,2.14%,52.03%,2.65%,11.46%,PC,All,2020-05-23 19:40:44.720673
13,Wrecking Ball,TANK,2.13%,50.90%,1.84%,3.01%,PC,All,2020-05-23 19:40:44.720673
14,D.Va,TANK,2.04%,48.58%,2.16%,6.58%,PC,All,2020-05-23 19:40:44.720673
15,Echo,OFFENSE,2.03%,50.21%,1.95%,7.51%,PC,All,2020-05-23 19:40:44.720673
16,Winston,TANK,1.99%,47.88%,1.78%,6.18%,PC,All,2020-05-23 19:40:44.720673
17,Reaper,OFFENSE,1.95%,50.37%,1.88%,13.55%,PC,All,2020-05-23 19:40:44.720673
18,Brigitte,SUPPORT,1.92%,55.67%,1.78%,7.03%,PC,All,2020-05-23 19:40:44.720673
19,Baptiste,SUPPORT,1.84%,46.36%,2.58%,11.48%,PC,All,2020-05-23 19:40:44.720673
20,Orisa,TANK,1.61%,49.70%,1.87%,6.79%,PC,All,2020-05-23 19:40:44.720673
21,Doomfist,OFFENSE,1.61%,52.62%,1.86%,7.37%,PC,All,2020-05-23 19:40:44.720673
22,Hanzo,DEFENSE,1.61%,47.36%,2.03%,10.31%,PC,All,2020-05-23 19:40:44.720673
23,Tracer,OFFENSE,1.52%,49.31%,1.49%,7.16%,PC,All,2020-05-23 19:40:44.720673
24,Pharah,OFFENSE,1.51%,54.06%,1.84%,14.67%,PC,All,2020-05-23 19:40:44.720673
25,Zenyatta,SUPPORT,1.45%,53.36%,1.88%,8.14%,PC,All,2020-05-23 19:40:44.720673
26,Widowmaker,DEFENSE,1.28%,50.53%,1.47%,6.60%,PC,All,2020-05-23 19:40:44.720673
27,Torbjörn,DEFENSE,1.17%,57.48%,2.79%,7.68%,PC,All,2020-05-23 19:40:44.720673
28,Mei,DEFENSE,0.79%,48.32%,2.46%,6.80%,PC,All,2020-05-23 19:40:44.720673
29,Symmetra,SUPPORT,0.67%,57.79%,2.76%,8.99%,PC,All,2020-05-23 19:40:44.720673
30,Sombra,OFFENSE,0.47%,47.07%,1.93%,12.01%,PC,All,2020-05-23 19:40:44.720673
0,Reinhardt,TANK,12.11%,52.06%,2.61%,7.15%,PC,Bronze,2020-05-23 19:40:44.720673
1,Reinhardt,TANK,9.06%,49.25%,2.63%,7.42%,PC,Bronze,2020-05-23 19:40:44.720673
2,Mercy,SUPPORT,7.64%,46.34%,2.45%,1.78%,PC,Bronze,2020-05-23 19:40:44.720673
3,Ana,SUPPORT,7.34%,46.14%,2.38%,7.39%,PC,Bronze,2020-05-23 19:40:44.720673
4,Lúcio,SUPPORT,5.01%,49.22%,1.98%,11.09%,PC,Bronze,2020-05-23 19:40:44.720673
5,Zarya,TANK,4.97%,48.93%,2.50%,8.79%,PC,Bronze,2020-05-23 19:40:44.720673
6,Junkrat,DEFENSE,4.35%,47.71%,2.54%,12.34%,PC,Bronze,2020-05-23 19:40:44.720673
7,D.Va,TANK,3.96%,44.76%,2.65%,6.38%,PC,Bronze,2020-05-23 19:40:44.720673
8,Sigma,TANK,3.58%,47.06%,2.49%,10.65%,PC,Bronze,2020-05-23 19:40:44.720673
9,Soldier: 76,OFFENSE,3.41%,45.70%,1.82%,10.12%,PC,Bronze,2020-05-23 19:40:44.720673
10,Orisa,TANK,3.33%,48.16%,2.44%,5.81%,PC,Bronze,2020-05-23 19:40:44.720673
11,Reaper,OFFENSE,3.28%,48.04%,2.51%,14.81%,PC,Bronze,2020-05-23 19:40:44.720673
12,Roadhog,TANK,3.09%,45.49%,1.61%,7.25%,PC,Bronze,2020-05-23 19:40:44.720673
13,McCree,OFFENSE,2.93%,44.14%,1.69%,8.37%,PC,Bronze,2020-05-23 19:40:44.720673
14,Ashe,OFFENSE,2.70%,48.08%,2.34%,7.63%,PC,Bronze,2020-05-23 19:40:44.720673
15,Baptiste,SUPPORT,2.14%,45.54%,2.37%,9.72%,PC,Bronze,2020-05-23 19:40:44.720673
16,Genji,OFFENSE,2.06%,45.46%,2.08%,9.16%,PC,Bronze,2020-05-23 19:40:44.720673
17,Wrecking Ball,TANK,2.03%,47.76%,2.11%,2.50%,PC,Bronze,2020-05-23 19:40:44.720673
18,Echo,OFFENSE,2.01%,42.85%,1.74%,7.09%,PC,Bronze,2020-05-23 19:40:44.720673
19,Winston,TANK,2.00%,46.44%,1.92%,5.34%,PC,Bronze,2020-05-23 19:40:44.720673
20,Pharah,OFFENSE,1.86%,47.46%,2.01%,11.13%,PC,Bronze,2020-05-23 19:40:44.720673
21,Torbjörn,DEFENSE,1.82%,55.68%,3.23%,10.16%,PC,Bronze,2020-05-23 19:40:44.720673
22,Brigitte,SUPPORT,1.71%,52.43%,1.38%,8.59%,PC,Bronze,2020-05-23 19:40:44.720673
23,Zenyatta,SUPPORT,1.64%,50.11%,2.82%,9.45%,PC,Bronze,2020-05-23 19:40:44.720673
24,Hanzo,DEFENSE,1.47%,43.63%,2.15%,9.45%,PC,Bronze,2020-05-23 19:40:44.720673
25,Doomfist,OFFENSE,1.22%,49.81%,1.57%,8.47%,PC,Bronze,2020-05-23 19:40:44.720673
26,Mei,DEFENSE,1.15%,44.12%,2.16%,7.47%,PC,Bronze,2020-05-23 19:40:44.720673
27,Tracer,OFFENSE,1.05%,43.14%,2.48%,6.74%,PC,Bronze,2020-05-23 19:40:44.720673
28,Symmetra,SUPPORT,1.03%,56.95%,2.62%,9.54%,PC,Bronze,2020-05-23 19:40:44.720673
29,Widowmaker,DEFENSE,0.87%,42.65%,1.55%,5.06%,PC,Bronze,2020-05-23 19:40:44.720673
30,Bastion,DEFENSE,0.87%,50.73%,2.59%,17.29%,PC,Bronze,2020-05-23 19:40:44.720673
0,Moira,SUPPORT,9.70%,47.74%,2.45%,7.04%,PC,Silver,2020-05-23 19:40:44.720673
1,Moira,SUPPORT,9.97%,48.89%,2.41%,10.28%,PC,Silver,2020-05-23 19:40:44.720673
2,Ana,SUPPORT,8.57%,47.95%,2.29%,8.29%,PC,Silver,2020-05-23 19:40:44.720673
3,Mercy,SUPPORT,7.57%,49.06%,2.47%,2.13%,PC,Silver,2020-05-23 19:40:44.720673
4,Zarya,TANK,6.29%,50.28%,2.32%,9.62%,PC,Silver,2020-05-23 19:40:44.720673
5,Lúcio,SUPPORT,4.21%,50.71%,1.86%,11.78%,PC,Silver,2020-05-23 19:40:44.720673
6,Junkrat,DEFENSE,3.85%,50.21%,2.55%,11.87%,PC,Silver,2020-05-23 19:40:44.720673
7,McCree,OFFENSE,3.67%,45.40%,1.73%,8.03%,PC,Silver,2020-05-23 19:40:44.720673
8,Ashe,OFFENSE,3.37%,50.96%,2.06%,8.26%,PC,Silver,2020-05-23 19:40:44.720673
9,Sigma,TANK,3.28%,49.58%,2.32%,11.76%,PC,Silver,2020-05-23 19:40:44.720673
10,Soldier: 76,OFFENSE,3.21%,47.79%,1.71%,9.95%,PC,Silver,2020-05-23 19:40:44.720673
11,Roadhog,TANK,3.09%,46.82%,1.81%,7.73%,PC,Silver,2020-05-23 19:40:44.720673
12,Reaper,OFFENSE,2.91%,49.38%,1.83%,14.08%,PC,Silver,2020-05-23 19:40:44.720673
13,D.Va,TANK,2.90%,47.23%,2.31%,6.44%,PC,Silver,2020-05-23 19:40:44.720673
14,Orisa,TANK,2.22%,48.81%,1.88%,6.07%,PC,Silver,2020-05-23 19:40:44.720673
15,Genji,OFFENSE,2.19%,48.39%,2.13%,10.47%,PC,Silver,2020-05-23 19:40:44.720673
16,Pharah,OFFENSE,2.18%,53.08%,2.03%,13.21%,PC,Silver,2020-05-23 19:40:44.720673
17,Echo,OFFENSE,2.13%,48.06%,1.73%,7.15%,PC,Silver,2020-05-23 19:40:44.720673
18,Winston,TANK,2.06%,46.71%,2.01%,5.76%,PC,Silver,2020-05-23 19:40:44.720673
19,Baptiste,SUPPORT,1.90%,44.45%,2.41%,10.16%,PC,Silver,2020-05-23 19:40:44.720673
20,Wrecking Ball,TANK,1.85%,49.90%,2.07%,2.72%,PC,Silver,2020-05-23 19:40:44.720673
21,Brigitte,SUPPORT,1.76%,54.88%,1.84%,8.41%,PC,Silver,2020-05-23 19:40:44.720673
22,Doomfist,OFFENSE,1.39%,49.33%,1.73%,7.65%,PC,Silver,2020-05-23 19:40:44.720673
23,Zenyatta,SUPPORT,1.34%,49.87%,1.85%,8.96%,PC,Silver,2020-05-23 19:40:44.720673
24,Torbjörn,DEFENSE,1.31%,57.11%,2.80%,8.48%,PC,Silver,2020-05-23 19:40:44.720673
25,Hanzo,DEFENSE,1.26%,45.39%,1.91%,9.20%,PC,Silver,2020-05-23 19:40:44.720673
26,Tracer,OFFENSE,1.06%,45.34%,1.38%,6.57%,PC,Silver,2020-05-23 19:40:44.720673
27,Mei,DEFENSE,0.99%,47.27%,2.44%,7.70%,PC,Silver,2020-05-23 19:40:44.720673
28,Symmetra,SUPPORT,0.81%,56.88%,3.08%,9.35%,PC,Silver,2020-05-23 19:40:44.720673
29,Widowmaker,DEFENSE,0.79%,47.77%,1.04%,5.10%,PC,Silver,2020-05-23 19:40:44.720673
30,Bastion,DEFENSE,0.52%,56.50%,2.69%,17.51%,PC,Silver,2020-05-23 19:40:44.720673
0,Reinhardt,TANK,10.89%,51.18%,2.69%,7.08%,PC,Gold,2020-05-23 19:40:44.720673
1,Ana,SUPPORT,10.32%,48.71%,2.37%,9.41%,PC,Gold,2020-05-23 19:40:44.720673
2,Moira,SUPPORT,9.74%,50.14%,2.36%,10.56%,PC,Gold,2020-05-23 19:40:44.720673
3,Zarya,TANK,7.37%,51.90%,2.46%,11.35%,PC,Gold,2020-05-23 19:40:44.720673
4,Mercy,SUPPORT,6.92%,51.02%,2.42%,2.29%,PC,Gold,2020-05-23 19:40:44.720673
5,McCree,OFFENSE,4.58%,46.64%,1.66%,8.38%,PC,Gold,2020-05-23 19:40:44.720673
6,Lúcio,SUPPORT,4.02%,51.53%,2.08%,12.06%,PC,Gold,2020-05-23 19:40:44.720673
7,Ashe,OFFENSE,3.72%,52.91%,2.24%,9.24%,PC,Gold,2020-05-23 19:40:44.720673
8,Roadhog,TANK,3.31%,48.99%,1.91%,8.81%,PC,Gold,2020-05-23 19:40:44.720673
9,Sigma,TANK,3.02%,50.77%,2.13%,12.80%,PC,Gold,2020-05-23 19:40:44.720673
10,Genji,OFFENSE,2.80%,49.22%,2.04%,11.34%,PC,Gold,2020-05-23 19:40:44.720673
11,Soldier: 76,OFFENSE,2.54%,48.20%,1.88%,9.57%,PC,Gold,2020-05-23 19:40:44.720673
12,Junkrat,DEFENSE,2.48%,52.04%,2.67%,11.48%,PC,Gold,2020-05-23 19:40:44.720673
13,Reaper,OFFENSE,2.31%,49.72%,1.80%,13.71%,PC,Gold,2020-05-23 19:40:44.720673
14,D.Va,TANK,2.12%,48.88%,2.09%,6.89%,PC,Gold,2020-05-23 19:40:44.720673
15,Echo,OFFENSE,2.07%,49.69%,2.02%,7.44%,PC,Gold,2020-05-23 19:40:44.720673
16,Baptiste,SUPPORT,2.00%,45.56%,2.58%,10.98%,PC,Gold,2020-05-23 19:40:44.720673
17,Winston,TANK,1.99%,47.11%,1.71%,6.16%,PC,Gold,2020-05-23 19:40:44.720673
18,Wrecking Ball,TANK,1.90%,49.28%,1.92%,2.79%,PC,Gold,2020-05-23 19:40:44.720673
19,Pharah,OFFENSE,1.86%,53.92%,1.86%,14.57%,PC,Gold,2020-05-23 19:40:44.720673
20,Brigitte,SUPPORT,1.66%,55.60%,1.63%,8.01%,PC,Gold,2020-05-23 19:40:44.720673
21,Doomfist,OFFENSE,1.54%,51.48%,1.94%,7.53%,PC,Gold,2020-05-23 19:40:44.720673
22,Orisa,TANK,1.49%,50.04%,1.87%,7.04%,PC,Gold,2020-05-23 19:40:44.720673
23,Zenyatta,SUPPORT,1.45%,53.36%,1.93%,8.87%,PC,Gold,2020-05-23 19:40:44.720673
24,Hanzo,DEFENSE,1.38%,47.59%,1.85%,10.08%,PC,Gold,2020-05-23 19:40:44.720673
25,Tracer,OFFENSE,1.26%,49.11%,1.66%,6.95%,PC,Gold,2020-05-23 19:40:44.720673
26,Torbjörn,DEFENSE,1.06%,58.25%,3.06%,7.88%,PC,Gold,2020-05-23 19:40:44.720673
27,Widowmaker,DEFENSE,0.93%,50.31%,1.22%,5.96%,PC,Gold,2020-05-23 19:40:44.720673
28,Mei,DEFENSE,0.87%,47.70%,2.23%,7.28%,PC,Gold,2020-05-23 19:40:44.720673
29,Symmetra,SUPPORT,0.74%,58.00%,2.93%,9.27%,PC,Gold,2020-05-23 19:40:44.720673
30,Sombra,OFFENSE,0.48%,46.14%,1.87%,12.31%,PC,Gold,2020-05-23 19:40:44.720673
0,Reinhardt,TANK,11.74%,51.45%,2.67%,7.30%,PC,Platinum,2020-05-23 19:40:44.720673
1,Ana,SUPPORT,11.77%,50.35%,2.45%,10.40%,PC,Platinum,2020-05-23 19:40:44.720673
2,Zarya,TANK,8.36%,53.48%,2.52%,13.09%,PC,Platinum,2020-05-23 19:40:44.720673
3,Moira,SUPPORT,7.79%,50.64%,2.45%,11.08%,PC,Platinum,2020-05-23 19:40:44.720673
4,Mercy,SUPPORT,6.15%,52.66%,2.41%,2.70%,PC,Platinum,2020-05-23 19:40:44.720673
5,McCree,OFFENSE,5.25%,47.73%,1.86%,8.83%,PC,Platinum,2020-05-23 19:40:44.720673
6,Lúcio,SUPPORT,4.15%,52.18%,1.97%,12.06%,PC,Platinum,2020-05-23 19:40:44.720673
7,Ashe,OFFENSE,4.15%,54.39%,2.23%,10.29%,PC,Platinum,2020-05-23 19:40:44.720673
8,Roadhog,TANK,3.70%,50.81%,1.84%,10.13%,PC,Platinum,2020-05-23 19:40:44.720673
9,Genji,OFFENSE,3.42%,51.04%,2.29%,12.36%,PC,Platinum,2020-05-23 19:40:44.720673
10,Sigma,TANK,2.67%,51.26%,2.28%,13.70%,PC,Platinum,2020-05-23 19:40:44.720673
11,Wrecking Ball,TANK,2.18%,51.94%,1.79%,3.18%,PC,Platinum,2020-05-23 19:40:44.720673
12,Soldier: 76,OFFENSE,2.16%,52.13%,1.97%,9.95%,PC,Platinum,2020-05-23 19:40:44.720673
13,Echo,OFFENSE,2.00%,51.19%,1.92%,7.70%,PC,Platinum,2020-05-23 19:40:44.720673
14,Winston,TANK,1.86%,47.46%,1.58%,6.47%,PC,Platinum,2020-05-23 19:40:44.720673
15,Doomfist,OFFENSE,1.79%,54.06%,1.85%,7.35%,PC,Platinum,2020-05-23 19:40:44.720673
16,Baptiste,SUPPORT,1.73%,46.99%,2.70%,11.94%,PC,Platinum,2020-05-23 19:40:44.720673
17,Hanzo,DEFENSE,1.68%,47.50%,2.14%,10.79%,PC,Platinum,2020-05-23 19:40:44.720673
18,Brigitte,SUPPORT,1.66%,56.74%,1.50%,7.17%,PC,Platinum,2020-05-23 19:40:44.720673
19,Tracer,OFFENSE,1.65%,48.86%,1.28%,7.49%,PC,Platinum,2020-05-23 19:40:44.720673
20,Reaper,OFFENSE,1.62%,52.16%,1.85%,12.87%,PC,Platinum,2020-05-23 19:40:44.720673
21,D.Va,TANK,1.56%,49.48%,1.96%,6.81%,PC,Platinum,2020-05-23 19:40:44.720673
22,Junkrat,DEFENSE,1.49%,54.71%,2.90%,11.19%,PC,Platinum,2020-05-23 19:40:44.720673
23,Zenyatta,SUPPORT,1.48%,54.42%,1.76%,7.97%,PC,Platinum,2020-05-23 19:40:44.720673
24,Widowmaker,DEFENSE,1.42%,50.41%,1.64%,7.22%,PC,Platinum,2020-05-23 19:40:44.720673
25,Pharah,OFFENSE,1.27%,55.81%,1.75%,16.00%,PC,Platinum,2020-05-23 19:40:44.720673
26,Orisa,TANK,1.16%,50.51%,1.56%,7.25%,PC,Platinum,2020-05-23 19:40:44.720673
27,Torbjörn,DEFENSE,1.01%,58.37%,2.76%,7.38%,PC,Platinum,2020-05-23 19:40:44.720673
28,Mei,DEFENSE,0.66%,50.01%,2.46%,6.08%,PC,Platinum,2020-05-23 19:40:44.720673
29,Symmetra,SUPPORT,0.59%,58.65%,2.78%,8.97%,PC,Platinum,2020-05-23 19:40:44.720673
30,Sombra,OFFENSE,0.46%,48.12%,1.85%,12.49%,PC,Platinum,2020-05-23 19:40:44.720673
0,Reinhardt,TANK,12.93%,52.22%,2.67%,7.12%,PC,Diamond,2020-05-23 19:40:44.720673
1,Ana,SUPPORT,12.92%,52.11%,2.31%,10.88%,PC,Diamond,2020-05-23 19:40:44.720673
2,Zarya,TANK,8.71%,54.95%,2.60%,14.54%,PC,Diamond,2020-05-23 19:40:44.720673
3,Moira,SUPPORT,6.39%,51.76%,2.46%,10.97%,PC,Diamond,2020-05-23 19:40:44.720673
4,McCree,OFFENSE,5.67%,49.21%,1.91%,8.87%,PC,Diamond,2020-05-23 19:40:44.720673
5,Mercy,SUPPORT,5.15%,54.10%,2.25%,2.86%,PC,Diamond,2020-05-23 19:40:44.720673
6,Lúcio,SUPPORT,5.12%,52.29%,2.38%,11.92%,PC,Diamond,2020-05-23 19:40:44.720673
7,Ashe,OFFENSE,3.88%,55.48%,2.32%,11.05%,PC,Diamond,2020-05-23 19:40:44.720673
8,Roadhog,TANK,3.62%,52.21%,1.60%,10.32%,PC,Diamond,2020-05-23 19:40:44.720673
9,Genji,OFFENSE,3.48%,52.70%,2.14%,13.24%,PC,Diamond,2020-05-23 19:40:44.720673
10,Sigma,TANK,2.93%,53.19%,2.25%,14.31%,PC,Diamond,2020-05-23 19:40:44.720673
11,Wrecking Ball,TANK,2.34%,53.18%,1.67%,3.19%,PC,Diamond,2020-05-23 19:40:44.720673
12,Brigitte,SUPPORT,2.06%,57.61%,1.91%,5.89%,PC,Diamond,2020-05-23 19:40:44.720673
13,Echo,OFFENSE,2.05%,53.47%,2.30%,7.76%,PC,Diamond,2020-05-23 19:40:44.720673
14,Tracer,OFFENSE,2.03%,51.33%,1.49%,7.42%,PC,Diamond,2020-05-23 19:40:44.720673
15,Winston,TANK,1.99%,50.01%,1.95%,6.55%,PC,Diamond,2020-05-23 19:40:44.720673
16,Hanzo,DEFENSE,1.98%,48.75%,2.09%,11.07%,PC,Diamond,2020-05-23 19:40:44.720673
17,Widowmaker,DEFENSE,1.94%,52.08%,1.56%,6.91%,PC,Diamond,2020-05-23 19:40:44.720673
18,Soldier: 76,OFFENSE,1.88%,53.52%,1.93%,9.51%,PC,Diamond,2020-05-23 19:40:44.720673
19,Doomfist,OFFENSE,1.71%,54.27%,1.77%,7.17%,PC,Diamond,2020-05-23 19:40:44.720673
20,Baptiste,SUPPORT,1.57%,48.61%,2.76%,12.60%,PC,Diamond,2020-05-23 19:40:44.720673
21,Zenyatta,SUPPORT,1.39%,56.35%,1.72%,6.88%,PC,Diamond,2020-05-23 19:40:44.720673
22,D.Va,TANK,1.36%,49.49%,2.04%,6.29%,PC,Diamond,2020-05-23 19:40:44.720673
23,Torbjörn,DEFENSE,1.18%,57.38%,2.13%,6.65%,PC,Diamond,2020-05-23 19:40:44.720673
24,Orisa,TANK,1.14%,50.08%,1.44%,7.43%,PC,Diamond,2020-05-23 19:40:44.720673
25,Reaper,OFFENSE,0.97%,53.06%,1.69%,12.53%,PC,Diamond,2020-05-23 19:40:44.720673
26,Pharah,OFFENSE,0.80%,55.90%,1.45%,17.43%,PC,Diamond,2020-05-23 19:40:44.720673
27,Junkrat,DEFENSE,0.74%,57.95%,2.46%,9.70%,PC,Diamond,2020-05-23 19:40:44.720673
28,Mei,DEFENSE,0.56%,49.56%,3.77%,5.80%,PC,Diamond,2020-05-23 19:40:44.720673
29,Symmetra,SUPPORT,0.44%,57.66%,2.38%,7.73%,PC,Diamond,2020-05-23 19:40:44.720673
30,Sombra,OFFENSE,0.38%,50.80%,1.24%,12.73%,PC,Diamond,2020-05-23 19:40:44.720673
0,Reinhardt,TANK,13.48%,53.34%,2.57%,6.87%,PC,Master,2020-05-23 19:40:44.720673
1,Ana,SUPPORT,12.41%,52.67%,2.34%,10.66%,PC,Master,2020-05-23 19:40:44.720673
2,Zarya,TANK,7.38%,54.15%,2.34%,14.35%,PC,Master,2020-05-23 19:40:44.720673
3,Lúcio,SUPPORT,6.18%,51.42%,2.13%,11.54%,PC,Master,2020-05-23 19:40:44.720673
4,McCree,OFFENSE,5.46%,49.21%,1.56%,8.08%,PC,Master,2020-05-23 19:40:44.720673
5,Mercy,SUPPORT,4.87%,53.44%,2.33%,2.63%,PC,Master,2020-05-23 19:40:44.720673
6,Moira,SUPPORT,4.53%,50.87%,2.28%,10.84%,PC,Master,2020-05-23 19:40:44.720673
7,Ashe,OFFENSE,3.65%,57.50%,1.98%,11.55%,PC,Master,2020-05-23 19:40:44.720673
8,Sigma,TANK,3.48%,50.62%,1.71%,12.98%,PC,Master,2020-05-23 19:40:44.720673
9,Brigitte,SUPPORT,3.40%,53.52%,2.39%,4.94%,PC,Master,2020-05-23 19:40:44.720673
10,Roadhog,TANK,3.10%,52.46%,1.75%,9.68%,PC,Master,2020-05-23 19:40:44.720673
11,Genji,OFFENSE,2.98%,53.89%,2.12%,12.62%,PC,Master,2020-05-23 19:40:44.720673
12,Wrecking Ball,TANK,2.96%,50.93%,1.48%,3.27%,PC,Master,2020-05-23 19:40:44.720673
13,Hanzo,DEFENSE,2.72%,46.64%,1.90%,10.12%,PC,Master,2020-05-23 19:40:44.720673
14,Widowmaker,DEFENSE,2.49%,52.38%,1.76%,7.14%,PC,Master,2020-05-23 19:40:44.720673
15,Tracer,OFFENSE,2.42%,52.44%,1.50%,6.73%,PC,Master,2020-05-23 19:40:44.720673
16,Winston,TANK,2.33%,51.75%,1.88%,5.97%,PC,Master,2020-05-23 19:40:44.720673
17,Orisa,TANK,1.87%,48.70%,2.27%,6.90%,PC,Master,2020-05-23 19:40:44.720673
18,Doomfist,OFFENSE,1.78%,54.38%,2.25%,5.99%,PC,Master,2020-05-23 19:40:44.720673
19,Echo,OFFENSE,1.71%,52.31%,1.89%,7.70%,PC,Master,2020-05-23 19:40:44.720673
20,Soldier: 76,OFFENSE,1.50%,51.13%,1.72%,8.75%,PC,Master,2020-05-23 19:40:44.720673
21,Baptiste,SUPPORT,1.50%,48.16%,1.81%,14.52%,PC,Master,2020-05-23 19:40:44.720673
22,D.Va,TANK,1.43%,52.45%,1.99%,4.95%,PC,Master,2020-05-23 19:40:44.720673
23,Torbjörn,DEFENSE,1.39%,56.06%,2.22%,6.45%,PC,Master,2020-05-23 19:40:44.720673
24,Zenyatta,SUPPORT,1.16%,52.66%,1.56%,5.40%,PC,Master,2020-05-23 19:40:44.720673
25,Mei,DEFENSE,0.68%,50.19%,2.47%,5.44%,PC,Master,2020-05-23 19:40:44.720673
26,Junkrat,DEFENSE,0.64%,56.47%,2.40%,8.97%,PC,Master,2020-05-23 19:40:44.720673
27,Reaper,OFFENSE,0.61%,51.63%,2.55%,11.00%,PC,Master,2020-05-23 19:40:44.720673
28,Pharah,OFFENSE,0.59%,54.82%,0.87%,14.41%,PC,Master,2020-05-23 19:40:44.720673
29,Symmetra,SUPPORT,0.49%,59.31%,1.31%,7.69%,PC,Master,2020-05-23 19:40:44.720673
30,Sombra,OFFENSE,0.41%,50.64%,2.80%,11.38%,PC,Master,2020-05-23 19:40:44.720673
0,Reinhardt,TANK,13.70%,54.37%,2.43%,10.22%,PC,Grandmaster,2020-05-23 19:40:44.720673
1,Reinhardt,TANK,10.08%,55.12%,2.45%,7.03%,PC,Grandmaster,2020-05-23 19:40:44.720673
2,Brigitte,SUPPORT,6.90%,54.11%,2.54%,4.38%,PC,Grandmaster,2020-05-23 19:40:44.720673
3,Sigma,TANK,5.87%,52.37%,2.21%,13.36%,PC,Grandmaster,2020-05-23 19:40:44.720673
4,Lúcio,SUPPORT,5.56%,51.80%,2.29%,12.23%,PC,Grandmaster,2020-05-23 19:40:44.720673
5,Zarya,TANK,5.44%,57.26%,2.34%,15.33%,PC,Grandmaster,2020-05-23 19:40:44.720673
6,McCree,OFFENSE,4.88%,51.14%,1.67%,7.37%,PC,Grandmaster,2020-05-23 19:40:44.720673
7,Wrecking Ball,TANK,4.08%,52.73%,1.81%,3.48%,PC,Grandmaster,2020-05-23 19:40:44.720673
8,Mercy,SUPPORT,3.96%,54.93%,2.12%,2.47%,PC,Grandmaster,2020-05-23 19:40:44.720673
9,Orisa,TANK,3.76%,51.18%,2.44%,6.85%,PC,Grandmaster,2020-05-23 19:40:44.720673
10,Moira,SUPPORT,3.53%,52.24%,2.02%,11.38%,PC,Grandmaster,2020-05-23 19:40:44.720673
11,Ashe,OFFENSE,3.00%,55.90%,2.46%,11.26%,PC,Grandmaster,2020-05-23 19:40:44.720673
12,Tracer,OFFENSE,2.64%,56.08%,1.54%,7.31%,PC,Grandmaster,2020-05-23 19:40:44.720673
13,Winston,TANK,2.57%,52.88%,1.98%,5.80%,PC,Grandmaster,2020-05-23 19:40:44.720673
14,Widowmaker,DEFENSE,2.56%,54.09%,1.39%,6.61%,PC,Grandmaster,2020-05-23 19:40:44.720673
15,D.Va,TANK,2.49%,54.20%,2.56%,5.37%,PC,Grandmaster,2020-05-23 19:40:44.720673
16,Zenyatta,SUPPORT,2.30%,52.93%,2.10%,5.56%,PC,Grandmaster,2020-05-23 19:40:44.720673
17,Roadhog,TANK,2.29%,51.58%,1.22%,8.98%,PC,Grandmaster,2020-05-23 19:40:44.720673
18,Baptiste,SUPPORT,2.17%,51.21%,2.82%,15.30%,PC,Grandmaster,2020-05-23 19:40:44.720673
19,Hanzo,DEFENSE,2.03%,51.68%,2.63%,8.90%,PC,Grandmaster,2020-05-23 19:40:44.720673
20,Torbjörn,DEFENSE,2.01%,53.13%,2.91%,5.67%,PC,Grandmaster,2020-05-23 19:40:44.720673
21,Echo,OFFENSE,1.78%,53.99%,1.57%,7.41%,PC,Grandmaster,2020-05-23 19:40:44.720673
22,Genji,OFFENSE,1.28%,57.06%,1.59%,11.83%,PC,Grandmaster,2020-05-23 19:40:44.720673
23,Doomfist,OFFENSE,1.28%,57.03%,2.19%,6.04%,PC,Grandmaster,2020-05-23 19:40:44.720673
24,Soldier: 76,OFFENSE,0.94%,54.57%,1.90%,7.64%,PC,Grandmaster,2020-05-23 19:40:44.720673
25,Mei,DEFENSE,0.80%,52.75%,1.90%,5.02%,PC,Grandmaster,2020-05-23 19:40:44.720673
26,Pharah,OFFENSE,0.72%,61.15%,2.46%,17.16%,PC,Grandmaster,2020-05-23 19:40:44.720673
27,Junkrat,DEFENSE,0.71%,55.76%,0.71%,6.90%,PC,Grandmaster,2020-05-23 19:40:44.720673
28,Symmetra,SUPPORT,0.52%,50.98%,0.97%,6.61%,PC,Grandmaster,2020-05-23 19:40:44.720673
29,Sombra,OFFENSE,0.39%,58.17%,0.65%,12.31%,PC,Grandmaster,2020-05-23 19:40:44.720673
30,Bastion,DEFENSE,0.21%,53.09%,0.00%,6.28%,PC,Grandmaster,2020-05-23 19:40:44.720673
